filename,section_index,rubric1,rubric2,rubric3,rubric4,rubric5,rubric6,rubric7
Foundations_of_Information_Systems_-_WEB_oNlbGYl-165-219.pdf,1.0,6.333333333333333,5.666666666666667,6.333333333333333,5.666666666666667,4.666666666666667,5.666666666666667,6.0
